Date,Site,#,CW,Color,boat,boat+wet,boat+dry,bag,bag+pre,bag+post,crucible,cruc+pre,cruc+post
5/16/22,Bristol,1,15.9,3,1077.46,1191.373,1155.083,185.429,261.632,259.750,2954.304,3032.314,2963.319
5/16/22,Bristol,2,21.0,4,1077.742,1439.037,1269.358,185.785,376.762,372.193,2832.693,3023.149,2854.505
5/16/22,Bristol,3,26.0,4,1128.306,1820.272,1453.978,185.348,511.054,507.269,2466.933,2794.160,2505.757
5/16/22,Bristol,4,23.9,4,1134.837,1664.703,1410.396,185.747,460.824,456.947,2873.519,3149.234,2906.472
5/16/22,Bristol,5,19.0,3,1056.199,1374.700,1208.663,186.329,338.057,336.112,2526.226,2679.769,2541.536
5/16/22,Bristol,6,27.0,3,1107.904,1833.277,1454.692,185.644,532.217,527.557,2767.835,3143.980,2835.622
5/16/22,Bristol,7,14.6,3,1048.710,1167.272,1129.604,185.214,265.193,263.737,2970.875,3052.554,2979.889
5/16/22,Bristol,8,20.6,3,1072.387,1423.123,1259.419,196.262,382.501,380.548,3000.150,3187.772,3016.610
5/16/22,Bristol,9,20.1,2,1063.366,1303.220,1195.680,191.458,323.577,321.587,2764.543,2898.903,2778.587
5/16/22,Bristol,10,16.2,2,1055.389,1200.265,1132.839,193.076,269.295,268.625,2751.725,2829.757,2756.760
5/16/22,Bristol,11,16.0,3,1125.369,1277.465,1208.424,186.590,268.624,267.764,2564.293,2648.093,2568.550
5/16/22,Bristol,12,17.5,4,1055.533,1282.401,1173.308,191.713,308.292,307.424,2586.238,2704.496,2598.010
5/16/22,Bristol,13,17.1,3,1119.998,1282.401,1207.740,193.793,280.849,279.696,2888.297,2977.097,2894.267
5/16/22,Bristol,14,19.5,3,1055.466,1372.975,1215.924,193.666,353.084,351.420,2909.273,3070.017,2924.485
5/16/22,Bristol,15,17.5,3,1093.410,1284.664,1193.652,195.362,294.661,294.034,2720.597,2821.785,2723.719
5/16/22,Bristol,16,15.5,2,1090.605,1181.491,1155.535,194.047,267.861,265.855,2954.264,3019.180,2961.201
5/16/22,Bristol,17,24.5,3,1129.788,1804.494,1463.457,187.226,522.263,520.785,2833.759,3169.725,2881.700
5/16/22,Bristol,18,13.0,3,1108.519,1201.367,1162.294,187.242,240.040,239.308,2468.414,2522.256,2471.778
5/16/22,Bristol,19,18.5,3,1089.570,1444.600,1246.467,194.394,350.931,349.588,2873.867,3031.092,2886.527
5/16/22,Bristol,20,17.4,4,1121.839,1330.772,1227.847,194.774,299.546,296.050,2526.195,2631.146,2533.693
5/16/22,Bristol,21,19.5,4,1105.998,1389.275,1289.299,191.544,373.870,370.906,2794.503,2978.114,2810.692
5/16/22,Bristol,22,12.9,2,1065.809,1150.389,1109.951,197.954,240.902,238.863,2970.230,3014.560,2973.076
5/16/22,Bristol,23,19.0,2,1094.203,1385.381,1218.779,195.544,318.950,316.205,3005.795,3130.197,3008.593
5/16/22,Bristol,24,13.9,2,1093.955,1184.879,1149.782,192.520,246.527,244.208,2764.406,2819.512,2767.701
5/16/22,Bristol,25,22.2,1,1080.557,1416.761,1240.108,191.575,350.141,346.011,2751.636,2910.829,2765.074
5/16/22,Bristol,26,18.0,4,1069.349,1293.868,1183.649,192.244,305.498,302.043,2561.995,2673.315,2572.676
5/16/22,Bristol,27,14.3,1,1100.601,1227.064,1168.409,191.836,258.499,256.243,2586.508,2653.697,2590.711
5/16/22,Bristol,28,17.0,3,1138.744,1354.407,1236.850,192.056,288.139,285.429,2888.190,2984.913,2895.347
5/16/22,Bristol,29,20.0,4,1089.622,1460.360,1242.541,193.524,344.048,341.428,2912.137,3063.658,2920.052
5/16/22,Bristol,30,15.5,4,1110.880,1285.986,1201.791,191.057,281.048,279.236,2719.874,2811.039,2722.461
5/16/22,Bristol,31,19.1,1,1108.876,1424.004,1256.426,193.616,340.387,337.557,2954.080,3101.038,2969.026
5/16/22,Bristol,32,16.8,4,1124.168,1316.317,1217.689,196.695,289.034,286.927,2832.884,2926.071,2839.955
5/16/22,Bristol,33,14.0,2,1048.389,1136.591,1102.536,193.926,247.149,245.318,2467.357,2521.414,2471.130
5/16/22,Bristol,34,15.5,4,1111.561,1299.145,1203.099,194.147,284.448,282.778,2873.500,2964.943,2882.394
5/16/22,Bristol,35,16.4,4,1082.311,1310.796,1176.839,194.880,288.372,286.552,2526.149,2620.599,2532.896
5/16/22,Bristol,36,20.0,2,1026.693,1428.360,1195.637,194.055,362.025,359.542,2793.566,2961.495,2808.801
5/16/22,Bristol,37,16.2,3,1073.915,1337.868,1177.440,193.665,295.866,292.651,2970.767,3073.565,2976.663
5/16/22,Bristol,39,15.8,4,1099.700,1261.448,1175.457,196.663,271.818,269.375,2764.445,2840.253,2769.601
5/16/22,Bristol,40,18.3,1,1087.815,1497.813,1263.854,195.150,370.465,367.370,2751.906,2928.085,2768.423
5/16/22,Bristol,41,13.7,4,1101.668,1217.226,1156.330,195.885,249.537,247.529,2564.642,2619.131,2565.125
5/16/22,Bristol,42,16.0,4,1080.907,1253.353,1157.789,196.267,272.337,269.979,2586.377,2663.223,2594.109
5/16/22,Bristol,43,15.6,4,1070.027,1239.885,1142.603,197.497,269.160,266.943,2888.391,2961.069,2893.996
5/16/22,Bristol,44,14.3,4,1075.387,1231.406,1142.450,196.668,262.383,260.343,2908.931,2975.903,2913.147
5/16/22,Bristol,45,19.0,4,1073.434,1383.469,1197.675,197.812,320.976,318.407,2715.721,2839.889,2727.947
5/16/22,Bristol,46,16.5,4,1063.038,1260.400,1164.157,196.705,297.334,294.660,2955.311,3055.871,2967.962
5/16/22,Bristol,47,21.0,4,1084.903,1544.013,1264.997,195.090,373.419,370.799,2833.335,3011.535,2851.783
5/16/22,Bristol,48,21.8,4,1118.205,1558.982,1300.882,197.655,378.557,375.410,2467.872,2648.309,2487.899
5/16/22,Bristol,49,14.2,3,1077.108,1194.950,1147.563,197.656,267.142,265.810,2874.095,2944.354,2880.917
5/16/22,Bristol,50,13.0,3,1047.094,1119.925,1094.040,194.653,240.658,239.562,2526.142,2573.112,2529.609
5/16/22,Bristol,51,13.2,4,1060.386,1130.232,1103.442,196.342,237.059,235.452,2795.510,2837.844,2797.885
5/16/22,Bristol,52,13.2,4,1093.042,1206.307,1150.146,196.781,251.813,250.427,2971.872,3028.238,2974.503
5/16/22,Bristol,53,20.8,4,1078.980,1457.803,1254.552,197.789,371.396,370.646,3001.795,3177.466,3017.979
5/16/22,Bristol,54,16.2,4,1084.089,1304.885,1184.084,196.553,294.982,293.988,2764.462,2864.268,2770.855
5/16/22,Bristol,55,14.0,4,1113.551,1218.600,1168.719,194.246,247.695,246.522,2751.883,2806.832,2755.646
5/16/22,Bristol,56,13.8,3,1066.228,1161.867,1122.490,197.771,252.366,251.482,2563.884,2620.265,2566.718
5/16/22,Bristol,57,10.9,2,1114.009,1137.577,1134.206,193.380,211.790,211.099,2586.289,2606.309,2588.425
5/16/22,Bristol,58,16.0,3,1086.950,1288.905,1184.681,194.867,290.828,288.871,2888.375,2984.234,2894.737
5/16/22,Bristol,59,16.3,4,1114.265,1253.957,1200.361,193.601,278.306,277.382,2912.493,2998.484,2919.902
5/16/22,Bristol,60,17.3,2,1084.088,1326.698,1202.183,198.019,314.712,313.727,2721.652,2839.275,2725.002
5/16/22,Bristol,61,17.3,2,1118.430,1324.977,1245.214,197.306,322.463,321.585,2954.561,3080.547,2968.499
5/16/22,Bristol,62,15.1,4,1113.510,1217.993,1185.690,197.388,268.055,266.978,2841.488,2913.553,2842.871
5/16/22,Bristol,63,12.7,4,1103.831,1198.265,1153.446,196.803,244.728,243.776,2467.355,2516.901,2470.579
5/16/22,Bristol,64,19.0,4,1076.460,1340.528,1222.556,197.511,342.573,341.345,2874.542,3020.521,2896.729
5/16/22,Bristol,65,15.7,3,1101.580,1246.090,1172.040,197.981,267.156,266.944,2526.138,2597.012,2532.351
5/16/22,Bristol,66,14.0,4,1098.331,1193.393,1150.311,196.699,247.141,245.703,2794.298,2845.941,2798.447
5/16/22,Bristol,67,16.0,4,1114.460,1282.761,1203.439,195.024,282.679,281.342,2971.274,3060.214,2982.700
5/16/22,Bristol,68,14.0,4,1064.380,1179.982,1123.258,193.514,250.686,249.760,2999.426,3058.047,3003.600
5/16/22,Bristol,69,14.0,4,1081.361,1165.257,1123.769,194.797,235.554,234.475,2764.481,2806.745,2767.024
5/16/22,Bristol,70,18.5,4,1080.928,1457.985,1245.702,195.635,358.843,358.408,2751.901,2916.695,2770.484
5/16/22,Bristol,71,14.1,2,1062.868,1192.430,1125.545,197.497,258.541,257.801,2565.794,2628.215,2568.862
5/16/22,Bristol,72,13.9,4,1122.731,1236.746,1181.035,196.997,253.334,252.274,2586.334,2644.081,2592.623
5/16/22,Bristol,73,18.1,4,1139.440,1447.636,1290.340,195.509,345.240,344.527,2888.390,3038.700,2904.349
5/16/22,Bristol,74,14.9,3,1020.447,1114.418,1076.140,196.778,250.795,249.866,2910.037,2965.466,2914.147
5/16/22,Bristol,75,17.0,2,1080.352,1334.647,1198.713,196.706,312.939,312.390,2716.871,2834.576,2728.556
5/16/22,Bristol,76,14.0,3,1060.083,1206.299,1114.743,196.422,249.049,248.038,2954.258,3007.736,2958.007
5/16/22,Bristol,77,12.1,4,1117.836,1178.480,1148.487,195.704,224.163,223.238,2832.970,2863.432,2834.914
5/16/22,Bristol,78,12.3,3,1065.506,1140.803,1097.387,196.301,226.459,225.301,2468.176,2499.529,2469.538
5/16/22,Bristol,79,14.3,4,1074.892,1227.778,1137.919,195.329,257.205,256.599,2873.680,2937.248,2877.765
5/16/22,Bristol,80,21.5,4,1093.548,1489.543,1268.903,196.148,369.974,369.228,2526.209,2700.608,2542.725
5/16/22,Bristol,81,16.8,4,1092.244,1290.209,1185.150,196.549,287.649,287.289,2793.657,2886.277,2803.222
5/16/22,Bristol,82,14.8,4,1092.392,1270.654,1162.716,196.359,264.115,262.751,2970.391,3038.263,2974.810
5/16/22,Bristol,83,17.8,4,1084.296,1338.273,1197.304,197.403,308.989,308.364,2998.160,3110.919,3008.543
5/16/22,Bristol,84,15.8,4,1071.082,1243.565,1148.745,196.854,272.607,272.035,2764.503,2841.602,2769.514
5/16/22,Bristol,85,12.2,3,1091.062,1168.830,1134.217,197.239,238.776,237.938,2752.001,2794.747,2758.274
5/16/22,Bristol,86,17.2,2,1079.287,1286.806,1188.229,198.018,305.850,305.301,2561.642,2670.409,2575.233
5/16/22,Bristol,87,16.5,2,1076.939,1233.299,1162.091,200.463,282.883,282.386,2586.289,2670.185,2595.942
5/16/22,Bristol,88,16.8,3,1135.430,1406.162,1248.898,197.206,308.926,308.540,2888.794,3002.721,2898.715
5/16/22,Bristol,89,20.1,4,1159.876,1558.430,1320.909,197.611,356.114,355.068,2909.171,3067.819,2923.300
5/16/22,Bristol,90,16.0,3,1134.307,1409.431,1219.784,194.558,278.404,277.796,2715.864,2800.754,2724.401
5/16/22,Bristol,91,12.5,2,1067.572,1146.990,1104.252,196.270,231.069,230.607,2960.708,2997.019,2966.934
5/16/22,Bristol,92,18.2,3,1089.075,1374.129,1230.001,193.624,332.954,332.691,2844.444,2984.713,2849.141
5/16/22,Bristol,93,12.5,2,1108.375,1204.845,1157.049,198.498,245.332,244.042,2469.324,2517.530,2470.035
5/16/22,Bristol,94,18.9,4,1067.300,1326.724,1192.160,197.491,320.092,319.529,2874.072,2997.332,2885.770
5/16/22,Bristol,95,13.0,4,1088.376,1126.724,1117.725,198.755,226.340,225.996,2526.409,2555.370,2528.308
5/16/22,Bristol,96,16.7,4,1020.774,1154.443,1102.510,198.256,278.492,278.018,2797.009,2877.964,2801.895
5/16/22,Bristol,97,13.4,2,1113.067,1178.430,1158.451,198.214,241.466,241.211,2974.593,3019.117,2974.767
5/16/22,Bristol,98,13.9,4,1130.437,1216.532,1184.457,192.754,245.788,244.848,3001.990,3055.022,3004.545
5/16/22,Bristol,99,17.1,3,1005.854,1142.683,1082.913,196.383,271.978,271.681,2764.527,2841.375,2772.377
5/16/22,Bristol,100,16.0,3,1069.247,1289.303,1172.965,194.949,297.377,297.007,2751.960,2855.568,2760.700
6/2/22,Scituate,1,21.9,3,1077.605,1550.000,1298.084,185.180,405.368,404.015,2960.665,3181.499,2986.825
6/2/22,Scituate,2,19.5,3,1078.044,1388.691,1208.220,185.732,314.729,311.195,2841.438,2969.568,2846.407
6/2/22,Scituate,3,16.2,2,1128.580,1255.743,1201.365,185.600,256.705,256.162,2470.299,2543.786,2475.306
6/2/22,Scituate,4,19.9,3,1135.131,1402.424,1260.285,185.882,309.075,306.124,2874.683,2997.489,2888.438
6/2/22,Scituate,5,20.0,4,1056.332,1350.748,1198.176,186.547,326.173,324.401,2526.504,2670.170,2548.729
6/2/22,Scituate,6,22.3,2,1108.204,1544.460,1312.966,185.651,388.532,381.291,2799.871,3002.561,2818.370
6/2/22,Scituate,7,16.6,2,1048.711,1221.643,1139.218,185.300,274.047,267.417,2976.247,3064.156,2981.063
6/2/22,Scituate,9,19.6,1,1063.646,1460.655,1197.025,191.959,323.439,319.738,2764.620,2897.203,2772.487
6/2/22,Scituate,10,22.0,3,1055.676,1614.944,1279.660,193.415,414.664,410.350,2752.002,2976.942,2774.538
6/2/22,Scituate,11,19.9,2,1125.467,1409.958,1260.464,186.771,319.505,313.002,2567.774,2700.100,2576.284
6/2/22,Scituate,13,19.5,3,1120.089,1361.211,1221.878,194.112,293.950,289.950,2888.716,2989.566,2900.969
6/2/22,Scituate,14,21.4,2,1055.840,1511.734,1236.173,194.123,371.704,367.785,2909.313,3089.953,2928.396
6/2/22,Scituate,15,18.9,4,1093.499,1436.054,1212.488,195.876,311.141,305.065,2725.043,2839.088,2730.281
6/2/22,Scituate,16,20.5,2,1090.755,1446.914,1244.925,194.196,346.735,342.797,2955.797,3107.006,2957.173
6/2/22,Scituate,17,20.0,3,1129.790,1473.421,1286.663,187.485,352.521,339.641,2835.511,2990.782,2854.928
6/2/22,Scituate,18,19.1,3,1108.582,1296.113,1186.232,187.506,263.573,263.265,2468.913,2545.779,2477.538
6/2/22,Scituate,19,16.4,3,1089.758,1253.311,1162.363,194.666,265.759,262.507,2876.014,2948.003,2881.140
6/2/22,Scituate,20,15.2,3,1122.299,1335.261,1198.702,195.024,269.578,266.296,2526.496,2602.109,2537.015
6/2/22,Scituate,21,14.8,3,1106.196,1189.614,1150.322,191.608,234.355,230.634,2796.284,2839.067,2798.266
6/2/22,Scituate,22,25.0,2,1065.973,1592.150,1277.655,198.024,408.683,402.367,2974.005,3183.122,2992.858
6/2/22,Scituate,23,18.1,1,1094.590,1417.563,1202.441,195.706,302.477,297.908,3003.312,3109.323,3004.436
6/2/22,Scituate,24,20.0,2,1094.274,1488.132,1249.044,192.497,345.691,340.943,2765.185,2917.560,2778.415
6/2/22,Scituate,25,17.1,2,1080.926,1357.002,1179.790,191.783,289.966,285.775,2752.033,2849.665,2758.332
6/2/22,Scituate,26,21.7,3,1069.535,1605.109,1293.155,192.424,411.911,410.516,2565.295,2787.604,2575.940
6/2/22,Scituate,27,18.0,4,1100.807,1332.341,1201.273,192.037,288.386,288.146,2586.474,2686.849,2592.731
6/2/22,Scituate,28,19.4,1,1139.936,1474.318,1254.282,192.158,301.001,296.318,2888.682,2995.944,2895.902
6/2/22,Scituate,29,18.4,4,1090.883,1418.439,1176.876,193.348,275.326,271.963,2910.817,2992.554,2921.651
6/2/22,Scituate,30,14.8,4,1111.093,1286.270,1171.043,191.016,247.616,246.194,2742.918,2802.774,2750.033
6/2/22,Scituate,31,19.0,3,1109.034,1503.553,1253.167,193.658,334.406,333.025,2954.564,3097.106,2960.579
6/2/22,Scituate,32,16.8,3,1124.296,1449.733,1228.540,196.443,297.607,297.604,2833.044,2935.664,2838.028
6/2/22,Scituate,33,17.6,2,1048.481,1362.351,1164.205,193.807,305.932,304.135,2467.515,2582.280,2476.877
6/2/22,Scituate,34,15.0,2,1111.742,1248.356,1171.822,194.047,250.277,248.957,2874.048,2928.987,2881.592
6/2/22,Scituate,35,25.8,3,1082.403,2014.136,1426.736,194.686,535.031,534.601,2526.580,2869.034,2555.125
6/2/22,Scituate,36,21.5,3,1027.019,1601.771,1231.373,194.138,395.264,394.389,2793.983,2996.403,2803.249
6/2/22,Scituate,37,19.1,3,1074.774,1479.130,1220.654,193.631,336.334,336.037,2971.171,3116.003,2988.236
6/2/22,Scituate,38,18.5,1,1074.690,1549.023,1192.275,195.418,303.786,295.612,2998.812,3101.372,3005.264
6/2/22,Scituate,39,21.3,3,1099.820,1679.544,1305.576,196.810,398.692,396.201,2765.140,2966.951,2785.853
6/2/22,Scituate,40,18.3,2,1087.962,1321.469,1168.506,194.980,273.110,272.991,2752.405,2832.609,2758.133
6/2/22,Scituate,41,18.2,2,1101.762,1414.650,1213.327,196.019,303.873,303.827,2563.408,2673.836,2570.379
6/2/22,Scituate,42,19.2,3,1080.967,1527.731,1221.549,196.212,332.425,331.847,2586.976,2726.053,2595.230
6/2/22,Scituate,43,17.0,3,1070.089,1329.803,1159.478,197.492,282.504,281.336,2889.254,2974.377,2896.966
6/2/22,Scituate,44,30.4,3,1075.556,2543.670,1587.523,196.465,700.141,695.286,2910.061,3411.023,2977.059
6/2/22,Scituate,45,17.2,4,1073.611,1361.345,1167.183,197.750,287.237,285.894,2716.876,2806.775,2722.964
6/2/22,Scituate,46,24.1,4,1063.022,1638.478,1284.351,169.733,414.209,412.791,2956.152,3174.020,2985.073
6/2/22,Scituate,48,23.1,2,1119.406,1740.287,1358.847,197.493,318.454,318.177,2468.186,2590.794,2482.720
6/2/22,Scituate,49,21.6,2,1077.196,1692.810,1271.280,197.562,386.127,384.862,2847.611,3062.626,2897.880
6/2/22,Scituate,50,22.2,3,1047.130,1602.393,1235.353,194.596,379.026,378.267,2527.576,2712.913,2552.869
6/2/22,Scituate,51,22.9,2,1060.757,1660.446,1252.139,196.348,384.117,383.983,2796.121,2985.450,2800.186
6/2/22,Scituate,52,22.6,2,1093.348,1826.776,1316.128,196.814,415.143,415.054,2972.426,3191.528,2992.940
6/2/22,Scituate,53,19.1,3,1079.201,1546.473,1232.791,197.544,346.737,345.208,3000.468,3148.648,3005.940
7/11/22,Bristol,1,22.8,3,1077.737,1576.540,1192.482,188.147,289.093,278.444,2957.819,3052.682,2965.263
7/11/22,Bristol,2,19.4,3,1078.188,1385.970,1158.083,188.106,266.096,256.960,2834.133,2906.853,2840.505
7/11/22,Bristol,3,22.3,3,1128.670,1614.565,1259.915,187.887,311.577,306.699,2469.285,2591.884,2478.178
7/11/22,Bristol,4,21.4,4,1135.340,1573.673,1231.522,188.231,277.734,268.156,2877.392,2960.274,2885.675
7/11/22,Bristol,5,15.9,2,1056.450,1232.180,1103.708,189.228,235.452,231.002,2527.512,2572.448,2531.499
7/11/22,Bristol,7,23.4,2,1048.665,1501.874,1218.136,187.594,356.978,352.234,2971.724,3140.199,2998.579
7/11/22,Bristol,8,15.8,3,1072.688,1242.400,1115.665,199.193,242.065,236.694,2999.557,3041.050,3003.140
7/11/22,Bristol,9,20.1,2,1063.889,1509.436,1185.731,194.348,315.311,307.467,2765.639,2882.512,2776.342
7/11/22,Bristol,10,21.6,3,1056.139,1477.637,1148.705,196.180,288.918,281.149,2752.475,2840.976,2759.975
7/11/22,Bristol,11,22.8,2,1125.621,1578.377,1243.262,189.216,306.090,298.239,2562.300,2675.430,2572.569
7/11/22,Bristol,12,22.4,3,1056.780,1663.532,1176.021,194.384,308.314,297.510,2587.129,2693.450,2597.810
7/11/22,Bristol,13,23.7,2,1120.170,1468.364,1200.119,196.625,261.416,252.104,2888.993,2948.325,2894.301
7/11/22,Bristol,14,19.8,2,1056.654,1450.781,1152.002,196.718,290.287,283.933,2910.788,3001.324,2917.917
7/11/22,Bristol,15,17.3,2,1094.927,1300.293,1160.312,198.324,264.457,261.681,2716.381,2782.407,2721.314
7/11/22,Bristol,16,21.7,2,1090.735,1461.007,1175.385,197.063,279.056,271.599,2955.793,3033.182,2962.508
7/11/22,Bristol,17,17.9,3,1029.904,1346.001,1199.599,189.817,259.729,255.453,2834.090,2902.761,2840.032
7/11/22,Bristol,18,16.3,2,1108.587,1350.214,1177.012,189.999,258.575,253.132,2468.778,2534.336,2473.652
7/11/22,Bristol,19,14.0,4,1089.744,1260.936,1125.809,197.148,233.812,229.098,2876.897,2911.999,2880.316
7/11/22,Bristol,20,17.1,3,1122.311,1407.772,1183.062,197.196,257.054,250.129,2527.739,2583.514,2532.600
7/11/22,Bristol,21,17.3,3,1106.234,1421.023,1178.946,193.856,267.047,259.704,2795.129,2863.286,2801.400
7/11/22,Bristol,22,14.5,2,1066.267,1177.764,1109.554,200.620,244.309,241.257,2971.911,3015.456,2975.197
7/11/22,Bristol,23,14.5,3,1094.791,1255.429,1129.914,198.356,233.967,229.847,2999.751,3033.575,3002.493
7/11/22,Bristol,24,24.9,2,1095.046,1562.560,1210.777,195.341,311.105,305.461,2765.992,2879.071,2775.115
7/11/22,Bristol,25,15.8,3,1080.940,1257.577,1121.652,194.340,234.922,229.530,2752.816,2790.264,2755.824
7/11/22,Bristol,26,14.8,1,1069.556,1211.590,1119.964,194.553,244.854,241.536,2563.113,2611.847,2567.303
7/11/22,Bristol,27,17.3,3,1100.808,1327.285,1156.871,193.679,249.471,244.964,2587.209,2639.132,2591.882
7/11/22,Bristol,28,19.9,3,1140.670,1461.054,1215.923,194.435,270.442,265.076,2889.200,2961.537,2897.323
7/11/22,Bristol,29,26.4,4,1091.920,1803.746,1206.093,195.364,309.491,301.254,2910.596,3017.726,2921.792
7/11/22,Bristol,31,14.8,3,1109.280,1329.506,1246.702,196.187,235.697,229.630,2955.579,2993.507,2959.251
7/11/22,Bristol,32,18.2,2,1124.422,1520.010,1202.763,198.612,274.127,264.216,2833.945,2903.471,2840.314
7/11/22,Bristol,33,22.5,2,1048.747,1580.951,1202.844,195.947,350.185,344.288,2468.305,2622.094,2483.809
7/11/22,Bristol,34,19.6,2,1111.946,1550.761,1204.068,196.192,288.175,275.605,2876.384,2959.327,2883.396
7/11/22,Bristol,35,19.5,2,1082.772,1462.417,1160.746,197.069,271.162,255.227,2527.721,2588.790,2533.021
7/11/22,Bristol,37,13.5,1,1075.167,1213.483,1110.536,195.755,231.091,224.957,2972.085,3004.227,2974.070
7/11/22,Bristol,38,15.6,1,1080.863,1199.232,1126.802,197.660,244.680,241.477,2999.728,3046.258,3003.400
7/11/22,Bristol,39,17.8,3,1101.051,1473.503,1170.675,199.190,269.646,263.993,2765.541,2834.575,2772.166
7/11/22,Bristol,40,16.8,3,1088.118,1388.003,1157.101,197.024,267.604,261.099,2752.557,2821.195,2759.362
7/11/22,Bristol,41,20.3,2,1102.078,1492.230,1190.102,197.898,283.310,270.966,2562.833,2639.873,2569.423
7/11/22,Bristol,42,28.7,2,1082.042,2320.234,1350.430,198.062,461.039,438.670,2586.843,2833.191,2613.422
7/11/22,Bristol,43,18.4,2,1071.175,1474.935,1150.427,199.968,279.222,270.354,2889.184,2964.677,2894.967
7/11/22,Bristol,44,16.9,2,1078.255,1472.681,1151.617,198.857,271.835,262.960,2910.353,2976.792,2915.273
7/11/22,Bristol,45,16.5,2,1074.657,1421.086,1138.006,199.670,262.323,248.753,2717.437,2767.640,2720.507
7/11/22,Bristol,46,16.2,3,1063.558,1313.810,1110.498,198.337,246.175,239.140,2955.627,2996.533,2959.385
7/11/22,Bristol,47,14.7,2,1085.804,1210.624,1120.718,196.473,232.905,227.487,2834.034,2866.569,2836.089
7/11/22,Bristol,48,12.6,1,1119.499,1184.967,1143.531,199.133,225.454,220.269,2468.714,2492.680,2470.315
7/11/22,Bristol,49,13.4,2,1079.258,1158.630,1110.603,199.151,232.483,227.811,2877.076,2908.421,2879.077
7/11/22,Bristol,50,18.6,2,1048.205,1334.041,1121.138,196.227,271.797,266.281,2527.796,2598.703,2534.690
7/11/22,Bristol,51,19.8,3,1061.201,1562.504,1164.830,198.480,296.555,284.325,2796.007,2880.825,2806.085
7/11/22,Bristol,52,16.6,2,1094.626,1297.336,1172.474,199.259,278.780,275.780,2971.991,3050.156,2980.425
7/11/22,Bristol,53,24.8,2,1080.112,1954.930,1269.003,199.876,379.073,365.824,2999.342,3164.313,3018.381
7/11/22,Bristol,54,18.9,2,1084.256,1392.768,1166.805,198.463,281.178,275.700,2765.499,2843.421,2772.548
7/11/22,Bristol,57,15.0,3,1114.134,1302.644,1152.522,195.641,234.644,230.411,2587.485,2623.745,2592.263
7/11/22,Bristol,58,15.9,1,1087.593,1268.246,1152.891,196.979,262.799,260.099,2889.110,2953.107,2894.196
7/11/22,Bristol,59,15.7,2,1114.413,1281.338,1163.725,195.488,245.536,241.962,2910.304,2957.755,2914.930
7/11/22,Bristol,60,13.3,2,1084.266,1197.923,1107.963,200.187,219.509,216.320,2717.278,2734.777,2718.153
7/11/22,Bristol,61,16.9,3,1118.540,1409.808,1181.997,199.038,259.813,250.991,2955.605,3006.563,2960.958
7/11/22,Bristol,62,22.6,3,1113.606,1430.147,1179.648,198.115,260.265,248.543,2834.419,2882.181,2839.032
7/11/22,Bristol,63,18.5,2,1103.927,1556.792,1204.419,198.507,297.313,288.332,2468.682,2557.194,2477.165
7/11/22,Bristol,64,18.0,2,1076.547,1425.063,1175.558,199.222,299.602,296.300,2876.433,2973.457,2884.464
7/11/22,Bristol,65,17.2,3,1101.509,1474.555,1181.111,199.828,274.799,263.373,2527.717,2590.061,2535.290
7/11/22,Bristol,66,15.9,1,1098.507,1262.288,1157.142,198.485,259.217,256.049,2795.967,2855.013,2800.393
7/11/22,Bristol,67,18.4,2,1114.497,1524.701,1205.429,196.780,287.117,277.774,2972.901,3054.153,2979.426
7/11/22,Bristol,69,17.7,2,1081.583,1465.326,1168.178,196.425,283.840,271.222,2765.486,2837.032,2773.050
7/11/22,Bristol,70,23.6,2,1081.089,1585.142,1204.255,197.643,320.127,312.096,2752.578,2867.079,2764.991
7/11/22,Bristol,71,16.7,3,1062.921,1286.513,1116.448,199.287,251.702,245.430,2563.690,2610.069,2568.099
7/11/22,Bristol,72,16.5,1,1122.788,1294.136,1178.361,198.587,255.789,253.588,2587.383,2643.451,2593.349
7/11/22,Bristol,73,27.3,2,1139.435,2198.881,1368.342,197.637,422.201,403.887,2889.098,3091.995,2908.227
7/11/22,Bristol,74,18.5,2,1020.492,1277.330,1083.049,198.126,259.867,254.217,2911.177,2966.161,2914.355
7/11/22,Bristol,75,24.0,4,1080.816,1898.408,1225.085,198.249,332.394,308.995,2717.626,2826.043,2727.240
7/11/22,Bristol,76,15.8,2,1060.381,1263.914,1111.571,198.229,252.470,248.087,2955.621,3006.031,2959.652
7/11/22,Bristol,77,20.5,1,1117.900,1475.157,1224.251,197.037,299.082,296.948,2834.242,2934.907,2843.802
7/11/22,Bristol,78,19.8,1,1065.734,1396.917,1150.420,198.270,282.786,277.892,2468.850,2548.986,2475.215
7/11/22,Bristol,79,15.0,3,1075.106,1311.318,1124.090,197.020,244.859,237.791,2876.497,2918.682,2879.972
7/11/22,Bristol,81,15.1,2,1092.388,1301.641,1148.128,198.485,254.024,250.887,2795.683,2848.372,2799.169
7/11/22,Bristol,82,15.8,4,1093.873,1349.620,1138.729,198.561,243.355,240.108,2972.215,3014.985,2976.693
7/11/22,Bristol,83,16.5,3,1084.489,1456.421,1147.090,199.314,260.964,256.195,2999.528,3056.691,3006.740
7/11/22,Bristol,84,20.0,3,1071.350,1540.598,1161.904,198.517,283.100,271.073,2765.450,2837.580,2770.988
7/11/22,Bristol,85,21.5,2,1091.181,1662.582,1220.804,198.780,326.965,318.671,2752.813,2871.746,2764.246
7/11/22,Bristol,86,18.7,3,1079.507,1487.881,1155.437,200.002,271.320,266.247,2563.786,2629.706,2569.623
7/11/22,Bristol,87,18.3,3,1078.520,1453.126,1153.103,201.855,275.611,268.772,2587.375,2653.724,2592.773
7/11/22,Bristol,88,14.0,2,1135.699,1257.468,1172.492,198.809,236.687,233.373,2889.203,2924.747,2891.737
7/11/22,Bristol,89,17.4,2,1161.154,1464.266,1235.911,199.725,273.209,268.835,2910.465,2979.938,2916.548
7/11/22,Bristol,90,17.5,2,1134.731,1450.344,1206.630,196.546,268.182,263.161,2716.619,2782.920,2721.315
7/11/22,Bristol,91,14.9,2,1067.853,1221.295,1113.426,197.941,243.460,241.469,4411.357,4455.444,4414.724
7/11/22,Bristol,92,16.7,3,1089.544,1378.834,1154.899,195.473,259.120,251.861,4513.246,4568.638,4516.977
7/11/22,Bristol,93,16.9,2,1108.762,1319.043,1165.547,200.191,256.983,254.358,4456.064,4510.499,4460.558
7/11/22,Bristol,94,15.1,3,1068.395,1246.973,1113.732,199.351,244.241,241.489,4590.791,4632.343,4593.830
7/19/22,Scituate,1,19.1,2,1077.633,1392.520,1200.810,184.204,311.844,303.671,2956.787,3077.536,2970.855
7/19/22,Scituate,2,24.1,2,1077.743,1711.491,1316.538,184.424,427.941,417.221,2834.644,3068.978,2857.796
7/19/22,Scituate,3,18.3,2,1028.432,1454.378,1271.545,184.626,332.481,324.023,2469.243,2601.634,2506.676
7/19/22,Scituate,4,16.4,2,1134.722,1309.701,1194.744,185.145,249.474,243.629,2879.230,2937.912,2882.236
7/19/22,Scituate,5,21.8,2,1056.282,1275.092,1126.277,185.119,258.860,253.608,2527.774,2596.043,2533.169
7/19/22,Scituate,6,16.4,3,1107.883,1388.452,1192.366,184.947,273.521,266.551,2802.451,2884.475,2802.708
7/19/22,Scituate,7,17.5,2,1048.734,1285.530,1147.181,183.713,286.285,280.426,2972.147,3068.711,2984.224
7/19/22,Scituate,8,18.7,2,1072.271,1313.712,1173.021,194.678,299.686,293.946,3004.120,3102.95,3011.406
7/19/22,Scituate,9,20.1,2,1063.642,1418.825,1194.246,191.033,325.491,319.566,2765.527,2893.807,2777.460
7/19/22,Scituate,10,17.1,2,1055.446,1275.230,1132.900,192.458,273.808,268.899,2752.766,2829.055,2760.299
7/19/22,Scituate,11,17.5,3,1125.365,1397.388,1224.445,185.860,289.387,284.529,2563.959,2662.623,2571.646
7/19/22,Scituate,12,15.6,1,1055.751,1218.877,1122.156,191.412,261.892,257.314,2587.306,2653.271,2593.934
7/19/22,Scituate,13,16.5,4,1120.104,1391.841,1211.488,193.270,289.289,283.944,2889.413,2980.127,2897.411
7/19/22,Scituate,14,17.2,3,1055.651,1287.742,1145.412,193.691,286.610,281.125,2910.452,2998.343,2920.067
7/19/22,Scituate,15,15.5,3,1093.598,1271.371,1162.335,194.995,267.397,263.498,2716.477,2784.976,2723.043
7/19/22,Scituate,16,15.9,4,1090.743,1393.337,1152.172,193.912,259.245,247.948,4411.465,4464.264,4417.735
7/19/22,Scituate,17,14.3,4,1129.917,1367.909,1176.258,186.765,236.490,231.201,4513.487,4557.946,4517.486
7/19/22,Scituate,18,19.0,3,1108.630,1509.363,1190.094,187.341,270.695,259.808,4456.160,4528.875,4464.305
7/19/22,Scituate,19,16.8,1,1089.620,1292.243,1170.859,193.623,278.586,274.211,4590.993,4670.931,4600.087
7/19/22,Scituate,20,16.9,2,1029.964,1367.698,1215.219,194.250,291.343,286.395,2956.329,3047.565,2967.233
7/19/22,Scituate,21,17.0,2,1105.936,1287.769,1180.356,190.993,269.525,265.948,2835.953,2910.318,2845.146
7/19/22,Scituate,22,19.0,3,1065.849,1464.549,1184.878,196.918,320.802,316.071,2469.001,2587.833,2479.108
7/19/22,Scituate,23,18.4,2,1094.308,1387.722,1209.640,195.412,314.686,311.145,2876.568,2991.127,2888.315
7/19/22,Scituate,24,20.0,3,1093.989,1480.378,1246.672,192.133,348.422,343.488,2527.691,2678.061,2547.342
7/19/22,Scituate,25,26.5,2,1080.702,1765.592,1354.181,191.765,471.454,464.405,2796.651,3070.189,2830.780
7/19/22,Scituate,26,15.2,3,1069.555,1214.517,1124.929,191.863,250.930,246.400,2976.017,3029.951,2978.015
7/19/22,Scituate,27,23.5,3,1100.839,1740.691,1320.720,192.036,416.062,409.592,2999.682,3217.704,3027.746
7/19/22,Scituate,28,22.3,3,1138.996,1570.934,1274.596,191.973,332.125,326.746,2765.697,2899.728,2777.956
7/19/22,Scituate,29,17.4,3,1089.987,1512.163,1170.691,193.458,279.325,273.882,2753.081,2832.985,2760.691
7/19/22,Scituate,30,16.9,2,1110.899,1412.756,1211.064,191.216,294.799,291.951,2566.561,2666.228,2573.428
7/19/22,Scituate,31,19.6,2,1108.899,1488.071,1238.107,194.079,326.370,321.167,2587.292,2714.302,2603.749
7/19/22,Scituate,32,21.6,2,1124.390,1538.074,1265.775,197.158,343.443,337.545,2889.296,3028.977,2903.865
7/19/22,Scituate,33,18.9,2,1048.480,1328.384,1158.904,193.446,307.023,304.307,2910.688,3019.777,2924.447
7/19/22,Scituate,35,23.2,2,1082.328,1891.346,1347.716,194.920,463.662,459.857,4411.552,4676.161,4446.203
7/19/22,Scituate,36,19.3,3,1026.893,1401.386,1152.469,195.530,323.216,319.388,4513.413,4636.091,4525.898
7/19/22,Scituate,37,23.3,2,1074.146,1763.563,1308.600,194.420,432.249,425.853,4456.324,4687.401,4490.291
7/19/22,Scituate,38,21.0,4,1074.776,1578.891,1245.326,196.125,370.060,366.766,4590.940,4760.424,4613.082
7/19/22,Scituate,39,20.4,2,1099.921,1469.920,1227.718,197.141,328.205,324.899,2959.724,3086.662,2971.553
7/19/22,Scituate,40,15.4,4,1088.038,1308.548,1126.692,195.243,236.918,232.915,2835.408,2871.842,2838.590
7/19/22,Scituate,41,26.1,2,1101.789,2213.720,1425.906,196.387,526.421,519.982,2473.589,2794.089,2495.286
7/19/22,Scituate,42,18.3,2,1081.104,1520.930,1214.580,197.784,336.267,332.119,2876.383,3010.244,2889.713
7/19/22,Scituate,43,24.3,1,1070.298,1813.360,1326.992,199.349,458.997,449.382,2528.022,2777.643,2564.897
7/19/22,Scituate,44,18.0,4,1075.505,1561.570,1171.473,199.318,297.861,292.692,2796.713,2884.788,2805.425
7/19/22,Scituate,45,21.0,2,1073.473,1709.898,1278.611,199.844,408.852,404.164,2972.653,3176.734,2990.314
7/19/22,Scituate,46,16.3,3,1063.074,1336.561,1153.086,199.367,290.826,285.823,3002.533,3089.027,3009.831
7/19/22,Scituate,47,23.5,3,1085.018,1701.409,1311.924,196.434,426.601,422.455,2765.867,2991.145,2798.035
7/19/22,Scituate,48,22.5,2,1118.346,1462.361,1212.050,198.647,295.431,290.241,2753.063,2841.308,2759.066
7/19/22,Scituate,49,17.3,2,1077.260,1373.523,1182.179,198.852,305.546,302.068,2564.467,2667.096,2574.961
7/19/22,Scituate,50,16.1,2,1047.251,1227.627,1112.314,196.522,263.201,260.615,2587.398,2650.915,2593.414
7/19/22,Scituate,51,18.8,2,1060.390,1406.190,1187.240,198.848,327.249,323.137,2889.790,3013.240,2905.733
7/19/22,Scituate,52,18.5,1,1093.154,1420.970,1211.293,198.134,319.431,316.950,2910.726,3028.506,2928.356
7/19/22,Scituate,53,15.8,2,1079.098,1239.237,1138.251,199.985,260.038,257.979,2718.995,2776.562,2721.460
7/19/22,Scituate,54,19.0,2,1084.171,1449.025,1218.176,198.518,335.509,332.770,4413.167,4545.894,4427.168
7/19/22,Scituate,55,19.7,2,1113.673,1526.286,1250.398,195.663,335.270,332.857,4513.375,4649.206,4532.140
8/30/22,Scituate,1,16.1,3,1077.936,1388.972,1131.413,187.832,239.840,227.890,4801.538,4845.292,4806.344
8/30/22,Scituate,2,23.6,4,1078.915,2078.752,1254.200,188.153,356.967,339.175,4851.639,5005.492,4871.528
8/30/22,Scituate,3,14.1,3,1128.835,1323.671,1160.269,187.693,218.250,210.634,2889.803,2916.240,2892.169
8/30/22,Scituate,4,20.0,4,1135.155,1532.701,1204.699,189.356,256.751,241.450,2910.848,2965.489,2916.315
8/30/22,Scituate,5,25.9,3,1057.132,2143.902,1249.497,189.467,380.405,368.111,2716.892,2896.579,2739.756
8/30/22,Scituate,6,21.7,4,1108.342,1594.746,1187.725,189.223,265.307,251.356,4412.572,4476.885,4420.322
8/30/22,Scituate,7,14.8,2,1049.151,1261.104,1102.535,187.885,240.702,235.610,4513.828,4564.436,4517.631
8/30/22,Scituate,8,24.1,3,1072.734,2022.768,1232.995,198.481,357.182,342.481,4457.870,4601.657,4476.180
8/30/22,Scituate,9,15.9,3,1064.532,1270.851,1107.843,195.048,236.571,226.875,4591.767,4626.576,4594.162
8/30/22,Scituate,10,23.2,3,1056.057,1968.967,1213.976,196.295,353.244,342.191,4602.327,4749.196,4620.669
10/10/22,Bristol,1,13.7,4,1080.906,1103.839,1101.601,195.395,216.247,211.638,4362.315,4382.524,4364.656